[
  { "name": "Seattle",      "lat": 47.6062, "lon": -122.3321, "population": 733919 },
  { "name": "Spokane",      "lat": 47.6588, "lon": -117.4260, "population": 229071 },
  { "name": "Tacoma",       "lat": 47.2529, "lon": -122.4443, "population": 219205 },
  { "name": "Vancouver",    "lat": 45.6300, "lon": -122.6615, "population": 192169 },
  { "name": "Bellevue",     "lat": 47.6101, "lon": -122.2007, "population": 152767 },
  { "name": "Kent",         "lat": 47.3809, "lon": -122.2348, "population": 137500 },
  { "name": "Everett",      "lat": 47.9780, "lon": -122.2015, "population": 114000 },
  { "name": "Renton",       "lat": 47.4829, "lon": -122.2171, "population": 105179 },
  { "name": "Olympia",      "lat": 47.0379, "lon": -122.9007, "population": 55905 },
  { "name": "Bellingham",   "lat": 48.7491, "lon": -122.4787, "population": 92889 },
  { "name": "Yakima",       "lat": 46.6021, "lon": -120.5059, "population": 96968 },
  { "name": "Kennewick",    "lat": 46.2112, "lon": -119.1372, "population": 86747 },
  { "name": "Richland",     "lat": 46.2857, "lon": -119.2845, "population": 60460 },
  { "name": "Pasco",        "lat": 46.2396, "lon": -119.1006, "population": 77900 },
  { "name": "Wenatchee",    "lat": 47.4235, "lon": -120.3103, "population": 35200 }
]